food_groups,FIN,ENG
nuts,pähkinätön,nut-free
fish,kalaton,fish-free
crustanean;clams,äyrisetön ja simpukaton,shellfish-free
lactose,laktoositon,lactose-free
eggs,munaton,egg-free
onions,sipuliton,onion-free
meat;fish;crustanean;clams;eggs;dairy,vegaani,vegan
meat;fish;crustanean;clams,vegetaristi,vegetarian
soy,soijaton,soy-free
gluten,gluteeniton,gluten-free
vihannes;porkkana;omena
vedgetables:carrot;apple,appelsiini
siemenet;omena;sinapinsiemenet
palkokasvit;herneet
kasvikset;tuoreet kasvikset
alkoholi;alkoholiton
lisäaineet;E13;E12
extras;E12;E13
Vijat;keliakia;Ruis;ohra;viljaton;gluteeniton